RecordID,Address,City,Jurisdiction,Price,SqFt,YearBuilt,MLS_Status,ConstructionStage,DossierURL,RedfinURL,HarvestedAt
"NC-7846640","843 Yorkshire Rd, Atlanta, GA 30306","Atlanta","City of Atlanta (Fulton/DeKalb)",4995000,7832,2026,"Active","Active Framing & Rough-In (Pre-Drywall Critical Window)","https://www.fhinspectionsatl.com/dossiers/NC-7846640.html","https://www.redfin.com/GA/Atlanta/843-Yorkshire-Rd-NE-30306/home/24609511","2026-09-30T17:55:26.447Z"
"NC-7846389","1073 Benteen Ave SE, Atlanta, GA 30312","Atlanta","City of Atlanta (Fulton/DeKalb)",925000,2514,2026,"Active","Active Framing & Rough-In (Pre-Drywall Critical Window)","https://www.fhinspectionsatl.com/dossiers/NC-7846389.html","https://www.redfin.com/GA/Atlanta/1073-Benteen-Ave-SE-30312/home/206002885","2026-09-30T17:55:26.447Z"
"NC-7846354","1273 Longreen Ter #8, Atlanta, GA 30318","Atlanta","City of Atlanta (Fulton/DeKalb)",549900,1853,2023,"Active","Active Framing & Rough-In (Pre-Drywall Critical Window)","https://www.fhinspectionsatl.com/dossiers/NC-7846354.html","https://www.redfin.com/GA/Atlanta/1273-Longreen-Ter-NW-30318/unit-8/home/193681845","2026-09-30T17:55:26.447Z"
"NC-7846306","1033 Reeder Cir NE, Atlanta, GA 30306","Atlanta","City of Atlanta (Fulton/DeKalb)",4500000,8900,2025,"Coming Soon","Active Framing & Rough-In (Pre-Drywall Critical Window)","https://www.fhinspectionsatl.com/dossiers/NC-7846306.html","https://www.redfin.com/GA/Atlanta/1033-Reeder-Cir-NE-30306/home/24769119","2026-09-30T17:55:26.447Z"
"NC-10855158","1000 Linam Ave SE, Atlanta, GA 30315","Atlanta","City of Atlanta (Fulton/DeKalb)",987444,5200,2025,"New","Active Framing & Rough-In (Pre-Drywall Critical Window)","https://www.fhinspectionsatl.com/dossiers/NC-10855158.html","https://www.redfin.com/GA/Atlanta/1000-Liman-Ave-SE-30315/home/110131857","2026-09-30T17:55:26.447Z"
"NC-7845754","6200 Ferry Dr, Sandy Springs, GA 30328","Sandy Springs","City of Atlanta (Fulton/DeKalb)",3295000,5800,2026,"Coming Soon","Active Framing & Rough-In (Pre-Drywall Critical Window)","https://www.fhinspectionsatl.com/dossiers/NC-7845754.html","https://www.redfin.com/GA/Sandy-Springs/6200-Ferry-Dr-30328/home/24805117","2026-09-30T17:55:26.447Z"
"NC-7845316","1105 Ralph Rd NE, Atlanta, GA 30324","Atlanta","City of Atlanta (Fulton/DeKalb)",1625000,3878,2027,"Active","Active Framing & Rough-In (Pre-Drywall Critical Window)","https://www.fhinspectionsatl.com/dossiers/NC-7845316.html","https://www.redfin.com/GA/Atlanta/1105-Ralph-Rd-NE-30324/home/23806572","2026-09-30T17:55:26.447Z"
"NC-7845523","147 Lake Ter, Atlanta, GA 30317","Atlanta","City of Atlanta (Fulton/DeKalb)",1850000,4835,2026,"Active","Active Framing & Rough-In (Pre-Drywall Critical Window)","https://www.fhinspectionsatl.com/dossiers/NC-7845523.html","https://www.redfin.com/GA/Atlanta/147-E-Lake-Ter-SE-30317/home/23721509","2026-09-30T17:55:26.447Z"
"NC-7845411","3404 Ripple Loop #130, Atlanta, GA 30349","Atlanta","City of Atlanta (Fulton/DeKalb)",272003,0,2024,"Active","Active Framing & Rough-In (Pre-Drywall Critical Window)","https://www.fhinspectionsatl.com/dossiers/NC-7845411.html","https://www.redfin.com/GA/Atlanta/3404-Ripple-Loop-30349/unit-130/home/201000645","2026-09-30T17:55:26.447Z"
"NC-7845206","496 Burroughs St SE, Atlanta, GA 30315","Atlanta","City of Atlanta (Fulton/DeKalb)",352400,1070,2026,"Active","Active Framing & Rough-In (Pre-Drywall Critical Window)","https://www.fhinspectionsatl.com/dossiers/NC-7845206.html","https://www.redfin.com/GA/Atlanta/496-Burroughs-St-SE-30315/home/205706113","2026-09-30T17:55:26.447Z"
"NC-7845424","6178 Ripple Way #82, Atlanta, GA 30349","Atlanta","City of Atlanta (Fulton/DeKalb)",275736,0,2024,"Active","Active Framing & Rough-In (Pre-Drywall Critical Window)","https://www.fhinspectionsatl.com/dossiers/NC-7845424.html","https://www.redfin.com/GA/Atlanta/6178-Ripple-Way-30349/unit-82/home/198724628","2026-09-30T17:55:26.447Z"
"NC-7845418","6170 Ripple Way #80, Atlanta, GA 30349","Atlanta","City of Atlanta (Fulton/DeKalb)",272003,0,2024,"Active","Active Framing & Rough-In (Pre-Drywall Critical Window)","https://www.fhinspectionsatl.com/dossiers/NC-7845418.html","https://www.redfin.com/GA/Atlanta/6170-Ripple-Way-30349/unit-80/home/201000684","2026-09-30T17:55:26.447Z"
"NC-7845402","6210 Ripple Way #90, Atlanta, GA 30349","Atlanta","City of Atlanta (Fulton/DeKalb)",272003,0,2024,"Active","Active Framing & Rough-In (Pre-Drywall Critical Window)","https://www.fhinspectionsatl.com/dossiers/NC-7845402.html","https://www.redfin.com/GA/Atlanta/6210-Ripple-WAY-30349/unit-90/home/192567558","2026-09-30T17:55:26.447Z"
"NC-7846208","223 Polar Rock Rd SW, Atlanta, GA 30315","Atlanta","City of Atlanta (Fulton/DeKalb)",110000,1395,2026,"Active","Active Framing & Rough-In (Pre-Drywall Critical Window)","https://www.fhinspectionsatl.com/dossiers/NC-7846208.html","https://www.redfin.com/GA/Atlanta/223-Polar-Rock-Rd-SW-30315/home/24576330","2026-09-30T17:55:26.447Z"
"NC-DFB795F72606","1771 S Port Dr, Antioch, GA 60002","Antioch","City of Alpharetta (North Fulton)",478990,2063,2026,"Active","Active Framing & Rough-In (Pre-Drywall Critical Window)","https://www.fhinspectionsatl.com/dossiers/NC-DFB795F72606.html","https://www.redfin.com/IL/Antioch/1771-N-South-Newport-Dr-60002/home/201369803","2026-09-30T17:55:26.402Z"
"NC-CB0628DD0B31","1312 Prairie Ridge Trl, Antioch, GA 60002","Antioch","City of Alpharetta (North Fulton)",499295,1866,2026,"Active","Active Framing & Rough-In (Pre-Drywall Critical Window)","https://www.fhinspectionsatl.com/dossiers/NC-CB0628DD0B31.html","https://www.redfin.com/IL/Antioch/1312-Prairie-Ridge-Trl-60002/home/201369869","2026-09-30T17:55:26.403Z"
"NC-FE46F9A7DAF9","1883 S Shore Cv, Antioch, GA 60002","Antioch","City of Alpharetta (North Fulton)",501395,2382,2026,"Active","Pre-Drywall & 11-Month Warranty Window","https://www.fhinspectionsatl.com/dossiers/NC-FE46F9A7DAF9.html","https://www.redfin.com/IL/Antioch/1883-S-Shore-Cv-60002/home/201369735","2026-09-30T17:55:26.403Z"
"NC-4D1BA7E08E28","1891 S Shore Cv, Antioch, GA 60002","Antioch","City of Alpharetta (North Fulton)",389490,1455,2026,"Active","Pre-Drywall & 11-Month Warranty Window","https://www.fhinspectionsatl.com/dossiers/NC-4D1BA7E08E28.html","https://www.redfin.com/IL/Antioch/1891-S-Shore-Cv-60002/home/201369737","2026-09-30T17:55:26.403Z"
"NC-A90E809FF44C","Siena Plan, Antioch, GA 60002","Antioch","City of Alpharetta (North Fulton)",473990,1866,2025,"Active","Pre-Drywall & 11-Month Warranty Window","https://www.fhinspectionsatl.com/dossiers/NC-A90E809FF44C.html","https://www.redfin.com/IL/Antioch/Antioch/Siena/home/200879795","2026-09-30T17:55:26.403Z"
"NC-00364AB282E3","Rutherford Plan, Antioch, GA 60002","Antioch","City of Alpharetta (North Fulton)",466990,1723,2025,"Active","Pre-Drywall & 11-Month Warranty Window","https://www.fhinspectionsatl.com/dossiers/NC-00364AB282E3.html","https://www.redfin.com/IL/Antioch/Antioch/Rutherford/home/200879781","2026-09-30T17:55:26.403Z"
"NC-476DE8DDC616","Sonoma Plan, Antioch, GA 60002","Antioch","City of Alpharetta (North Fulton)",493990,1955,2025,"Active","Pre-Drywall & 11-Month Warranty Window","https://www.fhinspectionsatl.com/dossiers/NC-476DE8DDC616.html","https://www.redfin.com/IL/Antioch/Antioch/Sonoma/home/200879812","2026-09-30T17:55:26.403Z"
"NC-C6194CD9E07D","Napa Plan, Antioch, GA 60002","Antioch","City of Alpharetta (North Fulton)",445990,1550,2025,"Active","Pre-Drywall & 11-Month Warranty Window","https://www.fhinspectionsatl.com/dossiers/NC-C6194CD9E07D.html","https://www.redfin.com/IL/Antioch/Antioch/Napa/home/200879731","2026-09-30T17:55:26.403Z"
"NC-E6F897A9B200","Brighton Plan, Antioch, GA 60002","Antioch","City of Alpharetta (North Fulton)",439990,1455,2025,"Active","Pre-Drywall & 11-Month Warranty Window","https://www.fhinspectionsatl.com/dossiers/NC-E6F897A9B200.html","https://www.redfin.com/IL/Antioch/Antioch/Brighton/home/200879678","2026-09-30T17:55:26.404Z"
"NC-663052DB249A","Townsend Plan, Antioch, GA 60002","Antioch","City of Alpharetta (North Fulton)",480990,2362,2025,"Active","Pre-Drywall & 11-Month Warranty Window","https://www.fhinspectionsatl.com/dossiers/NC-663052DB249A.html","https://www.redfin.com/IL/Antioch/Antioch/Townsend/home/200879803","2026-09-30T17:55:26.404Z"
"NC-FE0901A8042C","1903 S Shore Cv, Antioch, GA 60002","Antioch","City of Alpharetta (North Fulton)",479730,2201,2025,"Active","Pre-Drywall & 11-Month Warranty Window","https://www.fhinspectionsatl.com/dossiers/NC-FE0901A8042C.html","https://www.redfin.com/IL/Antioch/1903-S-Shore-Cv-60002/home/201369740","2026-09-30T17:55:26.404Z"
"NC-95EF7A958D1A","Starling Plan, Antioch, GA 60002","Antioch","City of Alpharetta (North Fulton)",475990,2193,2025,"Active","Pre-Drywall & 11-Month Warranty Window","https://www.fhinspectionsatl.com/dossiers/NC-95EF7A958D1A.html","https://www.redfin.com/IL/Antioch/Antioch/Starling/home/200879680","2026-09-30T17:55:26.404Z"
"NC-1EDD145D58E8","Wren Plan, Antioch, GA 60002","Antioch","City of Alpharetta (North Fulton)",498990,2607,2025,"Active","Pre-Drywall & 11-Month Warranty Window","https://www.fhinspectionsatl.com/dossiers/NC-1EDD145D58E8.html","https://www.redfin.com/IL/Antioch/Antioch/Wren/home/200879710","2026-09-30T17:55:26.404Z"
"NC-D7855572F381","Meadowlark Plan, Antioch, GA 60002","Antioch","City of Alpharetta (North Fulton)",466990,2052,2025,"Active","Pre-Drywall & 11-Month Warranty Window","https://www.fhinspectionsatl.com/dossiers/NC-D7855572F381.html","https://www.redfin.com/IL/Antioch/Antioch/Meadowlark/home/200879783","2026-09-30T17:55:26.404Z"
"NC-12523888","40609 N North Newport Dr, Antioch, GA 60002","Antioch","City of Alpharetta (North Fulton)",1500000,2941,2024,"Active","Active Framing & Rough-In (Pre-Drywall Critical Window)","https://www.fhinspectionsatl.com/dossiers/NC-12523888.html","https://www.redfin.com/IL/Antioch/40609-N-North-Newport-Dr-60002/home/17588850","2026-09-30T17:55:26.404Z"
"NC-12635793","1903 South Shore Cv, Antioch, GA 60002","Antioch","City of Alpharetta (North Fulton)",479730,2201,2026,"Active","Active Framing & Rough-In (Pre-Drywall Critical Window)","https://www.fhinspectionsatl.com/dossiers/NC-12635793.html","https://www.redfin.com/IL/Antioch/1903-S-Shore-Cv-60002/home/199097951","2026-09-30T17:55:26.404Z"
"NC-12679282","1756 South Port Dr, Antioch, GA 60002","Antioch","City of Alpharetta (North Fulton)",485990,1455,2026,"Active","Active Framing & Rough-In (Pre-Drywall Critical Window)","https://www.fhinspectionsatl.com/dossiers/NC-12679282.html","https://www.redfin.com/IL/Antioch/1756-N-South-Newport-Dr-60002/home/201369763","2026-09-30T17:55:26.404Z"
"NC-12679317","1285 Prairie Ridge Trl, Antioch, GA 60002","Antioch","City of Alpharetta (North Fulton)",489880,1955,2026,"Active","Active Framing & Rough-In (Pre-Drywall Critical Window)","https://www.fhinspectionsatl.com/dossiers/NC-12679317.html","https://www.redfin.com/IL/Antioch/1285-Prairie-Ridge-Trl-60002/home/201369813","2026-09-30T17:55:26.404Z"
"NC-12707588","1277 Prairie Ridge Trl, Antioch, GA 60002","Antioch","City of Alpharetta (North Fulton)",464195,1965,2025,"Active","Active Framing & Rough-In (Pre-Drywall Critical Window)","https://www.fhinspectionsatl.com/dossiers/NC-12707588.html","https://www.redfin.com/IL/Antioch/1277-Prairie-Ridge-Trl-60002/home/201369815","2026-09-30T17:55:26.404Z"
"NC-12667210","1304 Prairie Ridge Trl, Antioch, GA 60002","Antioch","City of Alpharetta (North Fulton)",465895,1723,2026,"Active","Active Framing & Rough-In (Pre-Drywall Critical Window)","https://www.fhinspectionsatl.com/dossiers/NC-12667210.html","https://www.redfin.com/IL/Antioch/1304-Prairie-Ridge-Trl-60002/home/201369867","2026-09-30T17:55:26.404Z"
"NC-10053872","235 Deer Ridge Dr, Liberty, GA 47353","Liberty","Fulton County",379900,2025,2026,"Active","Pre-Drywall & 11-Month Warranty Window","https://www.fhinspectionsatl.com/dossiers/NC-10053872.html","https://www.redfin.com/IN/Liberty/235-Deer-Ridge-Rd-47353/home/203166332","2026-09-30T17:55:26.451Z"
"NC-10054251","215 E Seminary St, Liberty, GA 47353","Liberty","Fulton County",225000,1700,2026,"Active","Pre-Drywall & 11-Month Warranty Window","https://www.fhinspectionsatl.com/dossiers/NC-10054251.html","https://www.redfin.com/IN/Liberty/215-E-Seminary-St-47353/home/82579228","2026-09-30T17:55:26.451Z"
"NC-10053783","5764 E Contreras Pike, Bath, GA 47010","Bath","Fulton County",629000,3200,2026,"Active","Pre-Drywall & 11-Month Warranty Window","https://www.fhinspectionsatl.com/dossiers/NC-10053783.html","https://www.redfin.com/IN/Bath/5764-E-Contreras-Pike-47010/home/107945876","2026-09-30T17:55:26.451Z"
"NC-202640018","5 Creekside Ln, Wabash, GA 46992","Wabash","Gwinnett County",750000,3170,2024,"Active","Active Framing & Rough-In (Pre-Drywall Critical Window)","https://www.fhinspectionsatl.com/dossiers/NC-202640018.html","https://www.redfin.com/IN/Wabash/5-Creekside-Ln-46992/home/183783485","2026-09-30T17:55:26.577Z"
"NC-202636953","13142 N 700 W, Silver Lake, GA 46982","Silver Lake","Gwinnett County",885000,2866,2024,"Active","Pre-Drywall & 11-Month Warranty Window","https://www.fhinspectionsatl.com/dossiers/NC-202636953.html","https://www.redfin.com/IN/Silver-Lake/13142-N-700-W-46982/home/205405061","2026-09-30T17:55:26.578Z"
"NC-202635853","1105 Marshall Way, North Manchester, GA 46962","North Manchester","Gwinnett County",272000,1201,2024,"Active","Pre-Drywall & 11-Month Warranty Window","https://www.fhinspectionsatl.com/dossiers/NC-202635853.html","https://www.redfin.com/IN/North-Manchester/1105-Marshall-Way-46962/home/189395816","2026-09-30T17:55:26.578Z"
"NC-202633769","25 Chrysler Ave, Wabash, GA 46992","Wabash","Gwinnett County",383000,1952,2026,"Active","Pre-Drywall & 11-Month Warranty Window","https://www.fhinspectionsatl.com/dossiers/NC-202633769.html","https://www.redfin.com/IN/Wabash/25-Chrysler-Ave-46992/home/142050281","2026-09-30T17:55:26.578Z"
"NC-202614143","19 Conner St, Wabash, GA 46992","Wabash","Gwinnett County",274900,2043,2024,"Active","Pre-Drywall & 11-Month Warranty Window","https://www.fhinspectionsatl.com/dossiers/NC-202614143.html","https://www.redfin.com/IN/Wabash/19-Conner-ST-46992/home/191521723","2026-09-30T17:55:26.578Z"
"NC-202632176","1575 Hawthorne St, Wabash, GA 46992","Wabash","Gwinnett County",229000,1318,2026,"Active","Pre-Drywall & 11-Month Warranty Window","https://www.fhinspectionsatl.com/dossiers/NC-202632176.html","https://www.redfin.com/IN/Wabash/1575-Hawthorne-St-46992/home/142023252","2026-09-30T17:55:26.578Z"
"NC-202624447","12 Creekside Ln, Wabash, GA 46992","Wabash","Gwinnett County",559900,2056,2026,"Active","Pre-Drywall & 11-Month Warranty Window","https://www.fhinspectionsatl.com/dossiers/NC-202624447.html","https://www.redfin.com/IN/Wabash/12-Creekside-Ln-46992/home/185444510","2026-09-30T17:55:26.578Z"
"NC-202627298","513 E College Ave, North Manchester, GA 46962","North Manchester","Gwinnett County",275000,1607,2026,"Active","Pre-Drywall & 11-Month Warranty Window","https://www.fhinspectionsatl.com/dossiers/NC-202627298.html","https://www.redfin.com/IN/North-Manchester/513-E-College-Ave-46962/home/202698007","2026-09-30T17:55:26.578Z"
"NC-202627301","517 E College Ave, North Manchester, GA 46962","North Manchester","Gwinnett County",263000,1570,2026,"Active","Pre-Drywall & 11-Month Warranty Window","https://www.fhinspectionsatl.com/dossiers/NC-202627301.html","https://www.redfin.com/IN/North-Manchester/517-E-College-Ave-46962/home/202698008","2026-09-30T17:55:26.578Z"
"NC-202627300","515 E College Ave, North Manchester, GA 46962","North Manchester","Gwinnett County",275000,1607,2026,"Active","Pre-Drywall & 11-Month Warranty Window","https://www.fhinspectionsatl.com/dossiers/NC-202627300.html","https://www.redfin.com/IN/North-Manchester/515-E-College-Ave-46962/home/202698009","2026-09-30T17:55:26.578Z"
"NC-202620929","1103 Marshall Way, North Manchester, GA 46962","North Manchester","Gwinnett County",293405,1465,2026,"Active","Pre-Drywall & 11-Month Warranty Window","https://www.fhinspectionsatl.com/dossiers/NC-202620929.html","https://www.redfin.com/IN/North-Manchester/1103-Marshall-Way-46962/home/202088964","2026-09-30T17:55:26.578Z"
"NC-202620930","1101 Marshall Way, North Manchester, GA 46962","North Manchester","Gwinnett County",282421,1331,2026,"Active","Pre-Drywall & 11-Month Warranty Window","https://www.fhinspectionsatl.com/dossiers/NC-202620930.html","https://www.redfin.com/IN/North-Manchester/1101-Marshall-Way-46962/home/202089030","2026-09-30T17:55:26.578Z"
"NC-202410776","801 Marshall Way, North Manchester, GA 46962","North Manchester","Gwinnett County",295900,1368,2024,"Active","Pre-Drywall & 11-Month Warranty Window","https://www.fhinspectionsatl.com/dossiers/NC-202410776.html","https://www.redfin.com/IN/North-Manchester/801-Marshall-Way-46962/home/179909408","2026-09-30T17:55:26.578Z"
"NC-22110789","173 Owen Shr, Batesville, GA 47006","Batesville","Cobb County",345000,2185,2026,"Active","Pre-Drywall & 11-Month Warranty Window","https://www.fhinspectionsatl.com/dossiers/NC-22110789.html","https://www.redfin.com/IN/Batesville/173-Owen-SHR-47006/home/203285424","2026-09-30T17:55:26.479Z"
"NC-22116439","187 Owen Shr, Batesville, GA 47006","Batesville","Cobb County",339770,1929,2026,"Active","Pre-Drywall & 11-Month Warranty Window","https://www.fhinspectionsatl.com/dossiers/NC-22116439.html","https://www.redfin.com/IN/Batesville/187-Owen-SHR-47006/home/203288606","2026-09-30T17:55:26.479Z"
"NC-207910","127 Burr Oak Dr, Batesville, GA 47006","Batesville","Cobb County",466800,1850,2026,"Active","Pre-Drywall & 11-Month Warranty Window","https://www.fhinspectionsatl.com/dossiers/NC-207910.html","https://www.redfin.com/IN/Batesville/127-Burr-Oak-Dr-47006/home/168206256","2026-09-30T17:55:26.479Z"
"NC-827A8AA7892A","1952RL Buildable Plan, Batesville, GA 47006","Batesville","Cobb County",306400,1952,2025,"Active","Pre-Drywall & 11-Month Warranty Window","https://www.fhinspectionsatl.com/dossiers/NC-827A8AA7892A.html","https://www.redfin.com/IN/Batesville/Batesville/1952RL-Buildable/home/202279507","2026-09-30T17:55:26.479Z"
"NC-6E02D711CD71","1657RL Buildable Plan, Batesville, GA 47006","Batesville","Cobb County",267900,1657,2025,"Active","Pre-Drywall & 11-Month Warranty Window","https://www.fhinspectionsatl.com/dossiers/NC-6E02D711CD71.html","https://www.redfin.com/IN/Batesville/Batesville/1657RL-Buildable/home/202279459","2026-09-30T17:55:26.479Z"
"NC-BC21F331FA72","2685RL Buildable Plan, Batesville, GA 47006","Batesville","Cobb County",347900,2685,2025,"Active","Pre-Drywall & 11-Month Warranty Window","https://www.fhinspectionsatl.com/dossiers/NC-BC21F331FA72.html","https://www.redfin.com/IN/Batesville/Batesville/2685RL-Buildable/home/202279491","2026-09-30T17:55:26.479Z"
"NC-22114029","Lot 19 Burr Oak Dr, Batesville, GA 47006","Batesville","Cobb County",466800,1850,2026,"Active","Pre-Drywall & 11-Month Warranty Window","https://www.fhinspectionsatl.com/dossiers/NC-22114029.html","https://www.redfin.com/IN/Batesville/19-Burr-Oak-Dr-47006/home/203129837","2026-09-30T17:55:26.479Z"
"NC-C03F905BFC7E","1808RL Buildable Plan, Batesville, GA 47006","Batesville","Cobb County",277900,1808,2025,"Active","Pre-Drywall & 11-Month Warranty Window","https://www.fhinspectionsatl.com/dossiers/NC-C03F905BFC7E.html","https://www.redfin.com/IN/Batesville/Batesville/1808RL-Buildable/home/202279441","2026-09-30T17:55:26.479Z"
"NC-B329FF6ABFDA","2184RL Buildable Plan, Batesville, GA 47006","Batesville","Cobb County",319400,2184,2025,"Active","Pre-Drywall & 11-Month Warranty Window","https://www.fhinspectionsatl.com/dossiers/NC-B329FF6ABFDA.html","https://www.redfin.com/IN/Batesville/Batesville/2184RL-Buildable/home/202279465","2026-09-30T17:55:26.479Z"
"NC-F45D0A747BFE","2309RL Buildable Plan, Batesville, GA 47006","Batesville","Cobb County",331900,2309,2025,"Active","Pre-Drywall & 11-Month Warranty Window","https://www.fhinspectionsatl.com/dossiers/NC-F45D0A747BFE.html","https://www.redfin.com/IN/Batesville/Batesville/2309RL-Buildable/home/202279460","2026-09-30T17:55:26.479Z"
"NC-543DDB6BD3C7","2300RL Buildable Plan, Batesville, GA 47006","Batesville","Cobb County",331900,2300,2025,"Active","Pre-Drywall & 11-Month Warranty Window","https://www.fhinspectionsatl.com/dossiers/NC-543DDB6BD3C7.html","https://www.redfin.com/IN/Batesville/Batesville/2300RL-Buildable/home/202279471","2026-09-30T17:55:26.479Z"
"NC-28F78E0A7894","1871RL Buildable Plan, Batesville, GA 47006","Batesville","Cobb County",285900,1871,2025,"Active","Pre-Drywall & 11-Month Warranty Window","https://www.fhinspectionsatl.com/dossiers/NC-28F78E0A7894.html","https://www.redfin.com/IN/Batesville/Batesville/1871RL-Buildable/home/202279477","2026-09-30T17:55:26.479Z"
"NC-F8A7B4C8C789","2104RL Buildable Plan, Batesville, GA 47006","Batesville","Cobb County",311400,2104,2025,"Active","Pre-Drywall & 11-Month Warranty Window","https://www.fhinspectionsatl.com/dossiers/NC-F8A7B4C8C789.html","https://www.redfin.com/IN/Batesville/Batesville/2104RL-Buildable/home/202279503","2026-09-30T17:55:26.479Z"
"NC-2026011924","1248 N 3rd St, Austin, GA 47102","Austin","DeKalb County",190000,1115,2024,"Active","Active Framing & Rough-In (Pre-Drywall Critical Window)","https://www.fhinspectionsatl.com/dossiers/NC-2026011924.html","https://www.redfin.com/IN/Austin/1248-N-3rd-St-47102/home/138553663","2026-09-30T17:55:26.522Z"
"NC-2026011319","1224 Ironwood Pass Ave, Scottsburg, GA 47170","Scottsburg","DeKalb County",229900,1464,2026,"Active","Pre-Drywall & 11-Month Warranty Window","https://www.fhinspectionsatl.com/dossiers/NC-2026011319.html","https://www.redfin.com/IN/Scottsburg/1224-Ironwood-Pass-Ave-47170/home/192797546","2026-09-30T17:55:26.522Z"
"NC-2712F6B18C7F","1319 Amberly, Scottsburg, GA 47170","Scottsburg","DeKalb County",70995,1056,2026,"Active","Pre-Drywall & 11-Month Warranty Window","https://www.fhinspectionsatl.com/dossiers/NC-2712F6B18C7F.html","https://www.redfin.com/IN/Scottsburg/1319-Amberly-Pointe-Dr-47170/home/205327630","2026-09-30T17:55:26.522Z"
"NC-22117096","334 Audrey Ln, Austin, GA 47102","Austin","DeKalb County",174990,1401,2026,"Active","Pre-Drywall & 11-Month Warranty Window","https://www.fhinspectionsatl.com/dossiers/NC-22117096.html","https://www.redfin.com/IN/Austin/334-Audrey-Ln-47102/home/202162582","2026-09-30T17:55:26.522Z"
"NC-2026011453","1097 N Church St, Austin, GA 47102","Austin","DeKalb County",209900,1215,2026,"Active","Pre-Drywall & 11-Month Warranty Window","https://www.fhinspectionsatl.com/dossiers/NC-2026011453.html","https://www.redfin.com/IN/Austin/1097-N-Church-St-47102/home/205349228","2026-09-30T17:55:26.522Z"
"NC-2026010349","1085 N Church St, Austin, GA 47102","Austin","DeKalb County",209900,1215,2026,"Active","Pre-Drywall & 11-Month Warranty Window","https://www.fhinspectionsatl.com/dossiers/NC-2026010349.html","https://www.redfin.com/IN/Austin/1085-N-Church-St-47102/home/203226810","2026-09-30T17:55:26.522Z"
"NC-22113667","3483 S Pleasant Ridge Rd, Lexington, GA 47138","Lexington","DeKalb County",294900,1595,2026,"Active","Pre-Drywall & 11-Month Warranty Window","https://www.fhinspectionsatl.com/dossiers/NC-22113667.html","https://www.redfin.com/IN/Lexington/3483-S-Pleasant-Ridge-RD-47138/home/202765105","2026-09-30T17:55:26.522Z"
"NC-2026010964","67 E Madison St, Scottsburg, GA 47170","Scottsburg","DeKalb County",198749,1137,2026,"Active","Pre-Drywall & 11-Month Warranty Window","https://www.fhinspectionsatl.com/dossiers/NC-2026010964.html","https://www.redfin.com/IN/Scottsburg/67-E-Madison-St-47170/home/197619990","2026-09-30T17:55:26.522Z"
"NC-2026011450","1105 N Church St, Austin, GA 47102","Austin","DeKalb County",209900,1215,2026,"Active","Pre-Drywall & 11-Month Warranty Window","https://www.fhinspectionsatl.com/dossiers/NC-2026011450.html","https://www.redfin.com/IN/Austin/1105-N-Church-St-47102/home/205596067","2026-09-30T17:55:26.522Z"
"NC-2026010690","1160 S Riley Dr, Scottsburg, GA 47170","Scottsburg","DeKalb County",247900,1372,2026,"Active","Pre-Drywall & 11-Month Warranty Window","https://www.fhinspectionsatl.com/dossiers/NC-2026010690.html","https://www.redfin.com/IN/Scottsburg/1160-S-Riley-Dr-47170/home/138552918","2026-09-30T17:55:26.522Z"
"NC-2026010798","1556 Solar St Lot 33, Scottsburg, GA 47170","Scottsburg","DeKalb County",219900,1267,2026,"Active","Pre-Drywall & 11-Month Warranty Window","https://www.fhinspectionsatl.com/dossiers/NC-2026010798.html","https://www.redfin.com/IN/Scottsburg/1556-N-Solar-St-47170/unit-33/home/204429088","2026-09-30T17:55:26.522Z"
"NC-2026010769","1558 Solar St Lot 34, Scottsburg, GA 47170","Scottsburg","DeKalb County",224900,1279,2026,"Active","Pre-Drywall & 11-Month Warranty Window","https://www.fhinspectionsatl.com/dossiers/NC-2026010769.html","https://www.redfin.com/IN/Scottsburg/1558-N-Solar-St-47170/unit-34/home/204411514","2026-09-30T17:55:26.522Z"
"NC-2026011448","1113 N Church St, Austin, GA 47102","Austin","DeKalb County",209900,1215,2026,"Active","Pre-Drywall & 11-Month Warranty Window","https://www.fhinspectionsatl.com/dossiers/NC-2026011448.html","https://www.redfin.com/IN/Austin/1113-N-Church-St-47102/home/205596073","2026-09-30T17:55:26.522Z"
"NC-202609949","1151 Grissom Ct, Scottsburg, GA 47170","Scottsburg","DeKalb County",242500,1268,2024,"Active","Pre-Drywall & 11-Month Warranty Window","https://www.fhinspectionsatl.com/dossiers/NC-202609949.html","https://www.redfin.com/IN/Scottsburg/1151-Grissom-Ct-47170/home/185460507","2026-09-30T17:55:26.523Z"
"NC-202608347","1502 Solar St Lot 13, Scottsburg, GA 47170","Scottsburg","DeKalb County",209900,1182,2026,"Active","Pre-Drywall & 11-Month Warranty Window","https://www.fhinspectionsatl.com/dossiers/NC-202608347.html","https://www.redfin.com/IN/Scottsburg/1502-N-Solar-St-47170/unit-13/home/201855418","2026-09-30T17:55:26.523Z"
"NC-22116917","244 Audrey Ln, Austin, GA 47102","Austin","DeKalb County",199990,1600,2026,"Active","Pre-Drywall & 11-Month Warranty Window","https://www.fhinspectionsatl.com/dossiers/NC-22116917.html","https://www.redfin.com/IN/Austin/244-Audrey-Ln-47102/home/138552472","2026-09-30T17:55:26.523Z"
"NC-22116730","324 Audrey Ln, Austin, GA 47102","Austin","DeKalb County",178990,1600,2026,"Active","Pre-Drywall & 11-Month Warranty Window","https://www.fhinspectionsatl.com/dossiers/NC-22116730.html","https://www.redfin.com/IN/Austin/324-Audrey-Ln-47102/home/138504569","2026-09-30T17:55:26.523Z"
"NC-202608305","1498 Solar St Lot 11, Scottsburg, GA 47170","Scottsburg","DeKalb County",214900,1267,2026,"Active","Pre-Drywall & 11-Month Warranty Window","https://www.fhinspectionsatl.com/dossiers/NC-202608305.html","https://www.redfin.com/IN/Scottsburg/1498-N-Solar-St-47170/unit-11/home/201836335","2026-09-30T17:55:26.523Z"
"NC-F6C2872ABFBF","Flex, Scottsburg, GA 47170","Scottsburg","DeKalb County",70995,1056,2026,"Active","Pre-Drywall & 11-Month Warranty Window","https://www.fhinspectionsatl.com/dossiers/NC-F6C2872ABFBF.html","https://www.redfin.com/IN/Scottsburg/Flex-47170/home/202092291","2026-09-30T17:55:26.523Z"
"NC-22117101","284 Audrey Ln, Austin, GA 47102","Austin","DeKalb County",179990,1401,2026,"Active","Pre-Drywall & 11-Month Warranty Window","https://www.fhinspectionsatl.com/dossiers/NC-22117101.html","https://www.redfin.com/IN/Austin/284-Audrey-Ln-47102/home/138510882","2026-09-30T17:55:26.523Z"
"NC-22117099","314 Audrey Ln, Austin, GA 47102","Austin","DeKalb County",174990,1401,2026,"Active","Pre-Drywall & 11-Month Warranty Window","https://www.fhinspectionsatl.com/dossiers/NC-22117099.html","https://www.redfin.com/IN/Austin/314-Audrey-Ln-47102/home/185460490","2026-09-30T17:55:26.523Z"
"NC-F1083FE85658","1231 Birch Tree Ln, Scottsburg, GA 47170","Scottsburg","DeKalb County",54995,546,2026,"Active","Pre-Drywall & 11-Month Warranty Window","https://www.fhinspectionsatl.com/dossiers/NC-F1083FE85658.html","https://www.redfin.com/IN/Scottsburg/1231-Birchtree-47170/home/201588793","2026-09-30T17:55:26.523Z"
"NC-202608345","1496 Solar St Lot 10, Scottsburg, GA 47170","Scottsburg","DeKalb County",209900,1182,2026,"Active","Pre-Drywall & 11-Month Warranty Window","https://www.fhinspectionsatl.com/dossiers/NC-202608345.html","https://www.redfin.com/IN/Scottsburg/1496-N-Solar-St-47170/unit-10/home/201850400","2026-09-30T17:55:26.523Z"
"NC-22116913","274 Audrey Ln, Austin, GA 47102","Austin","DeKalb County",184990,1600,2026,"Active","Pre-Drywall & 11-Month Warranty Window","https://www.fhinspectionsatl.com/dossiers/NC-22116913.html","https://www.redfin.com/IN/Austin/274-Audrey-Ln-47102/home/138546520","2026-09-30T17:55:26.523Z"
"NC-5E7191CB5D2E","1367 Amberly, Scottsburg, GA 47170","Scottsburg","DeKalb County",90995,1493,2026,"Active","Pre-Drywall & 11-Month Warranty Window","https://www.fhinspectionsatl.com/dossiers/NC-5E7191CB5D2E.html","https://www.redfin.com/IN/Scottsburg/1367-Amberly-Pointe-Dr-47170/home/201588799","2026-09-30T17:55:26.523Z"
"NC-AA0D803AAB58","Summit (Amberly) Plan, Scottsburg, GA 47170","Scottsburg","DeKalb County",67995,1013,2025,"Active","Pre-Drywall & 11-Month Warranty Window","https://www.fhinspectionsatl.com/dossiers/NC-AA0D803AAB58.html","https://www.redfin.com/IN/Scottsburg/Scottsburg/Summit-Amberly/home/196719579","2026-09-30T17:55:26.523Z"
"NC-5AA4623F46A7","Crown (Amberly) Plan, Scottsburg, GA 47170","Scottsburg","DeKalb County",92995,1493,2025,"Active","Pre-Drywall & 11-Month Warranty Window","https://www.fhinspectionsatl.com/dossiers/NC-5AA4623F46A7.html","https://www.redfin.com/IN/Scottsburg/Scottsburg/Crown-Amberly/home/196719615","2026-09-30T17:55:26.523Z"
"NC-2A2BDBEA2D69","Pike (Amberly) Plan, Scottsburg, GA 47170","Scottsburg","DeKalb County",54995,546,2025,"Active","Pre-Drywall & 11-Month Warranty Window","https://www.fhinspectionsatl.com/dossiers/NC-2A2BDBEA2D69.html","https://www.redfin.com/IN/Scottsburg/Scottsburg/Pike-Amberly/home/196719513","2026-09-30T17:55:26.523Z"
"NC-89E12242A0D6","Zenith (Amberly) Plan, Scottsburg, GA 47170","Scottsburg","DeKalb County",64995,880,2025,"Active","Pre-Drywall & 11-Month Warranty Window","https://www.fhinspectionsatl.com/dossiers/NC-89E12242A0D6.html","https://www.redfin.com/IN/Scottsburg/Scottsburg/Zenith-Amberly/home/196719931","2026-09-30T17:55:26.523Z"
"NC-84FB8E952CF5","Belmont (Amberly) Plan, Scottsburg, GA 47170","Scottsburg","DeKalb County",75995,1193,2025,"Active","Pre-Drywall & 11-Month Warranty Window","https://www.fhinspectionsatl.com/dossiers/NC-84FB8E952CF5.html","https://www.redfin.com/IN/Scottsburg/Scottsburg/Belmont-Amberly/home/200517726","2026-09-30T17:55:26.523Z"
"NC-89E3A23FDB47","Barkley (Amberly) Plan, Scottsburg, GA 47170","Scottsburg","DeKalb County",65995,849,2025,"Active","Pre-Drywall & 11-Month Warranty Window","https://www.fhinspectionsatl.com/dossiers/NC-89E3A23FDB47.html","https://www.redfin.com/IN/Scottsburg/Scottsburg/Barkley-Amberly/home/196719500","2026-09-30T17:55:26.523Z"
"NC-1F07D97F4695","Ridge (Amberly) Plan, Scottsburg, GA 47170","Scottsburg","DeKalb County",72995,1153,2025,"Active","Pre-Drywall & 11-Month Warranty Window","https://www.fhinspectionsatl.com/dossiers/NC-1F07D97F4695.html","https://www.redfin.com/IN/Scottsburg/Scottsburg/Ridge-Amberly/home/196719608","2026-09-30T17:55:26.523Z"
"NC-8FDD7C528FE2","Churchill (Amberly) Plan, Scottsburg, GA 47170","Scottsburg","DeKalb County",85995,1280,2025,"Active","Pre-Drywall & 11-Month Warranty Window","https://www.fhinspectionsatl.com/dossiers/NC-8FDD7C528FE2.html","https://www.redfin.com/IN/Scottsburg/Scottsburg/Churchill-Amberly/home/196719611","2026-09-30T17:55:26.523Z"
"NC-AA96EB0E1779","Pinnacle (Amberly) Plan, Scottsburg, GA 47170","Scottsburg","DeKalb County",111995,2027,2025,"Active","Pre-Drywall & 11-Month Warranty Window","https://www.fhinspectionsatl.com/dossiers/NC-AA96EB0E1779.html","https://www.redfin.com/IN/Scottsburg/Scottsburg/Pinnacle-Amberly/home/196719985","2026-09-30T17:55:26.523Z"
"NC-9AC8AE56ED1D","Peak (Amberly) Plan, Scottsburg, GA 47170","Scottsburg","DeKalb County",59995,800,2025,"Active","Pre-Drywall & 11-Month Warranty Window","https://www.fhinspectionsatl.com/dossiers/NC-9AC8AE56ED1D.html","https://www.redfin.com/IN/Scottsburg/Scottsburg/Peak-Amberly/home/196719492","2026-09-30T17:55:26.523Z"
"NC-04DC16F8C2B7","Vertex (Amberly) Plan, Scottsburg, GA 47170","Scottsburg","DeKalb County",69995,1001,2025,"Active","Pre-Drywall & 11-Month Warranty Window","https://www.fhinspectionsatl.com/dossiers/NC-04DC16F8C2B7.html","https://www.redfin.com/IN/Scottsburg/Scottsburg/Vertex-Amberly/home/196719551","2026-09-30T17:55:26.523Z"
"NC-20FF74794268","Spire (Amberly) Plan, Scottsburg, GA 47170","Scottsburg","DeKalb County",66995,910,2025,"Active","Pre-Drywall & 11-Month Warranty Window","https://www.fhinspectionsatl.com/dossiers/NC-20FF74794268.html","https://www.redfin.com/IN/Scottsburg/Scottsburg/Spire-Amberly/home/196719734","2026-09-30T17:55:26.523Z"
"NC-E1489E8A48DA","Grand (Amberly) Plan, Scottsburg, GA 47170","Scottsburg","DeKalb County",102995,1813,2025,"Active","Pre-Drywall & 11-Month Warranty Window","https://www.fhinspectionsatl.com/dossiers/NC-E1489E8A48DA.html","https://www.redfin.com/IN/Scottsburg/Scottsburg/Grand-Amberly/home/196719943","2026-09-30T17:55:26.523Z"
"NC-B18B3C2C8241","Apex (Amberly) Plan, Scottsburg, GA 47170","Scottsburg","DeKalb County",89995,1493,2025,"Active","Pre-Drywall & 11-Month Warranty Window","https://www.fhinspectionsatl.com/dossiers/NC-B18B3C2C8241.html","https://www.redfin.com/IN/Scottsburg/Scottsburg/Apex-Amberly/home/196720008","2026-09-30T17:55:26.523Z"
"NC-22126864","1028 Avenue B, Greencastle, GA 46135","Greencastle","Cherokee County (Woodstock/Canton)",215000,1154,2026,"Active","Active Framing & Rough-In (Pre-Drywall Critical Window)","https://www.fhinspectionsatl.com/dossiers/NC-22126864.html","https://www.redfin.com/IN/Greencastle/1028-Avenue-B-St-46135/home/205597805","2026-09-30T17:55:26.726Z"
"NC-22123286","281 Jefferson Vly, Coatesville, GA 46121","Coatesville","Cherokee County (Woodstock/Canton)",285000,1213,2024,"Active","Pre-Drywall & 11-Month Warranty Window","https://www.fhinspectionsatl.com/dossiers/NC-22123286.html","https://www.redfin.com/IN/Coatesville/281-Jefferson-Vly-46121/home/138316600","2026-09-30T17:55:26.726Z"
"NC-22127045","645 Gettysburg, Coatesville, GA 46121","Coatesville","Cherokee County (Woodstock/Canton)",346900,1828,2026,"Active","Active Framing & Rough-In (Pre-Drywall Critical Window)","https://www.fhinspectionsatl.com/dossiers/NC-22127045.html","https://www.redfin.com/IN/Coatesville/645-Gettysburg-46121/home/138359789","2026-09-30T17:55:26.726Z"
"NC-22126242","517 Mill Spgs, Coatesville, GA 46121","Coatesville","Cherokee County (Woodstock/Canton)",346900,1828,2026,"Active","Active Framing & Rough-In (Pre-Drywall Critical Window)","https://www.fhinspectionsatl.com/dossiers/NC-22126242.html","https://www.redfin.com/IN/Coatesville/517-Mill-Spgs-46121/home/138363146","2026-09-30T17:55:26.726Z"
"NC-22123220","500 Jefferson Vly, Coatesville, GA 46121","Coatesville","Cherokee County (Woodstock/Canton)",313900,1661,2026,"Active","Pre-Drywall & 11-Month Warranty Window","https://www.fhinspectionsatl.com/dossiers/NC-22123220.html","https://www.redfin.com/IN/Coatesville/500-Jefferson-Vly-46121/home/138323019","2026-09-30T17:55:26.726Z"
"NC-22122056","305 E Columbia, Roachdale, GA 46172","Roachdale","Cherokee County (Woodstock/Canton)",175900,900,2024,"Active","Pre-Drywall & 11-Month Warranty Window","https://www.fhinspectionsatl.com/dossiers/NC-22122056.html","https://www.redfin.com/IN/Roachdale/305-E-Columbia-St-46172/home/184392510","2026-09-30T17:55:26.726Z"
"NC-22119111","404 E College St, Bainbridge, GA 46105","Bainbridge","Cherokee County (Woodstock/Canton)",294900,1232,2026,"Active","Pre-Drywall & 11-Month Warranty Window","https://www.fhinspectionsatl.com/dossiers/NC-22119111.html","https://www.redfin.com/IN/Bainbridge/404-E-College-St-46105/home/138342307","2026-09-30T17:55:26.726Z"
"NC-22123289","190 Lincoln Hls, Coatesville, GA 46121","Coatesville","Cherokee County (Woodstock/Canton)",391000,2154,2026,"Active","Pre-Drywall & 11-Month Warranty Window","https://www.fhinspectionsatl.com/dossiers/NC-22123289.html","https://www.redfin.com/IN/Coatesville/190-Lincoln-Hls-46121/home/138310727","2026-09-30T17:55:26.726Z"
"NC-22104566","1024 Avenue B St, Greencastle, GA 46135","Greencastle","Cherokee County (Woodstock/Canton)",215000,1154,2026,"Active","Pre-Drywall & 11-Month Warranty Window","https://www.fhinspectionsatl.com/dossiers/NC-22104566.html","https://www.redfin.com/IN/Greencastle/1024-Avenue-B-St-46135/home/138349474","2026-09-30T17:55:26.726Z"
"NC-22119722","26 Victory Hl, Coatesville, GA 46121","Coatesville","Cherokee County (Woodstock/Canton)",329900,1440,2024,"Active","Pre-Drywall & 11-Month Warranty Window","https://www.fhinspectionsatl.com/dossiers/NC-22119722.html","https://www.redfin.com/IN/Coatesville/26-Victory-Hl-46121/home/138318847","2026-09-30T17:55:26.726Z"
"NC-22119157","406 E College St, Bainbridge, GA 46105","Bainbridge","Cherokee County (Woodstock/Canton)",280000,1061,2026,"Active","Pre-Drywall & 11-Month Warranty Window","https://www.fhinspectionsatl.com/dossiers/NC-22119157.html","https://www.redfin.com/IN/Bainbridge/406-E-College-St-46105/home/138343182","2026-09-30T17:55:26.726Z"
"NC-22108850","268 Mill Spgs, Coatesville, GA 46128","Coatesville","Cherokee County (Woodstock/Canton)",849900,2461,2026,"Active","Pre-Drywall & 11-Month Warranty Window","https://www.fhinspectionsatl.com/dossiers/NC-22108850.html","https://www.redfin.com/IN/Coatesville/268-Mill-Spgs-46121/home/138336977","2026-09-30T17:55:26.726Z"
"NC-22119576","425 Dream Way, Cloverdale, GA 46120","Cloverdale","Cherokee County (Woodstock/Canton)",229900,1493,2025,"Active","Pre-Drywall & 11-Month Warranty Window","https://www.fhinspectionsatl.com/dossiers/NC-22119576.html","https://www.redfin.com/IN/Cloverdale/425-Dream-Way-46120/home/138324943","2026-09-30T17:55:26.726Z"
"NC-22091460","656 Jefferson Vly, Coatesville, GA 46121","Coatesville","Cherokee County (Woodstock/Canton)",675900,2669,2026,"Active","Pre-Drywall & 11-Month Warranty Window","https://www.fhinspectionsatl.com/dossiers/NC-22091460.html","https://www.redfin.com/IN/Coatesville/656-Jefferson-Vly-46121/home/138348024","2026-09-30T17:55:26.726Z"
"NC-22119561","424 Dream Way, Cloverdale, GA 46120","Cloverdale","Cherokee County (Woodstock/Canton)",214900,1120,2025,"Active","Pre-Drywall & 11-Month Warranty Window","https://www.fhinspectionsatl.com/dossiers/NC-22119561.html","https://www.redfin.com/IN/Cloverdale/424-Dream-Way-46120/home/138325309","2026-09-30T17:55:26.726Z"
"NC-2F038D3937D0","Rosewater Plan, Coatesville, GA 46121","Coatesville","Cherokee County (Woodstock/Canton)",275000,1192,2025,"Active","Pre-Drywall & 11-Month Warranty Window","https://www.fhinspectionsatl.com/dossiers/NC-2F038D3937D0.html","https://www.redfin.com/IN/Coatesville/Coatesville/Rosewater/home/195559319","2026-09-30T17:55:26.726Z"
"NC-7847542","5675 Rosehall Pl, South Fulton, GA 30349","South Fulton","City of Atlanta (Fulton/DeKalb)",399990,2568,2026,"Active","Active Framing & Rough-In (Pre-Drywall Critical Window)","https://www.fhinspectionsatl.com/dossiers/NC-7847542.html","https://www.redfin.com/GA/South-Fulton/5675-Rosehall-Pl-30349/home/193680345","2026-10-01T17:50:08.627Z"
"NC-7847530","5606 Rosehall Pl, South Fulton, GA 30349","South Fulton","City of Atlanta (Fulton/DeKalb)",531940,3403,2026,"Active","Active Framing & Rough-In (Pre-Drywall Critical Window)","https://www.fhinspectionsatl.com/dossiers/NC-7847530.html","https://www.redfin.com/GA/South-Fulton/5606-Rosehall-Pl-30349/home/193680326","2026-10-01T17:50:08.627Z"
"NC-7847493","5622 Rosehall Pl, South Fulton, GA 30349","South Fulton","City of Atlanta (Fulton/DeKalb)",535640,3403,2026,"Active","Active Framing & Rough-In (Pre-Drywall Critical Window)","https://www.fhinspectionsatl.com/dossiers/NC-7847493.html","https://www.redfin.com/GA/South-Fulton/5622-Rosehall-Pl-30349/home/193680322","2026-10-01T17:50:08.627Z"
"NC-7847519","5618 Rosehall Pl, South Fulton, GA 30349","South Fulton","City of Atlanta (Fulton/DeKalb)",522740,3210,2026,"Active","Active Framing & Rough-In (Pre-Drywall Critical Window)","https://www.fhinspectionsatl.com/dossiers/NC-7847519.html","https://www.redfin.com/GA/South-Fulton/5618-Rosehall-Pl-30349/home/193680323","2026-10-01T17:50:08.627Z"
"NC-7847203","1840 Wells Dr SW, Atlanta, GA 30311","Atlanta","City of Atlanta (Fulton/DeKalb)",475000,2302,2026,"Active","Active Framing & Rough-In (Pre-Drywall Critical Window)","https://www.fhinspectionsatl.com/dossiers/NC-7847203.html","https://www.redfin.com/GA/Atlanta/1840-Wells-Dr-SW-30311/home/180169008","2026-10-01T17:50:08.627Z"
"NC-7847259","2202 Carlton Ct, Atlanta, GA 30318","Atlanta","City of Atlanta (Fulton/DeKalb)",599900,2190,2024,"Active","Active Framing & Rough-In (Pre-Drywall Critical Window)","https://www.fhinspectionsatl.com/dossiers/NC-7847259.html","https://www.redfin.com/GA/Atlanta/2202-Carlton-Ct-NW-30318/home/193540757","2026-10-01T17:50:08.627Z"
"NC-7847111","3138 Cherry Blossom Ln, East Point, GA 30344","East Point","City of Atlanta (Fulton/DeKalb)",625000,2810,2026,"Active","Active Framing & Rough-In (Pre-Drywall Critical Window)","https://www.fhinspectionsatl.com/dossiers/NC-7847111.html","https://www.redfin.com/GA/East-Point/3138-Cherry-Blossom-Ln-30344/home/206016915","2026-10-01T17:50:08.627Z"
"NC-7846810","926 Hughley Cir #3, Atlanta, GA 30316","Atlanta","City of Atlanta (Fulton/DeKalb)",333893,1470,2026,"Active","Active Framing & Rough-In (Pre-Drywall Critical Window)","https://www.fhinspectionsatl.com/dossiers/NC-7846810.html","https://www.redfin.com/GA/Atlanta/926-Hughley-Cir-SE-30316/unit-3/home/201390073","2026-10-01T17:50:08.627Z"
"NC-7846838","1570 Flat Shoals Rd SE #4, Atlanta, GA 30316","Atlanta","City of Atlanta (Fulton/DeKalb)",590000,1810,2024,"Active","Active Framing & Rough-In (Pre-Drywall Critical Window)","https://www.fhinspectionsatl.com/dossiers/NC-7846838.html","https://www.redfin.com/GA/Atlanta/1570-Flat-Shoals-Rd-SE-30316/unit-4/home/188921506","2026-10-01T17:50:08.627Z"
"NC-10856755","1319 Lakota Pl, Atlanta, GA 30315","Atlanta","City of Atlanta (Fulton/DeKalb)",459990,0,2026,"New","Active Framing & Rough-In (Pre-Drywall Critical Window)","https://www.fhinspectionsatl.com/dossiers/NC-10856755.html","https://www.redfin.com/GA/Atlanta/1319-Lakota-PL-30315/home/201546083","2026-10-01T17:50:08.627Z"
"NC-2026012240","2045 N Shea Rd, Lexington, GA 47138","Lexington","DeKalb County",299900,1595,2026,"Active","Active Framing & Rough-In (Pre-Drywall Critical Window)","https://www.fhinspectionsatl.com/dossiers/NC-2026012240.html","https://www.redfin.com/IN/Lexington/2045-N-Shea-Rd-47138/home/206019834","2026-10-01T17:50:08.091Z"
"NC-7848293","1872 Hickory Rd, Atlanta, GA 30341","Atlanta","City of Atlanta (Fulton/DeKalb)",1649900,3760,2025,"Active","Active Framing & Rough-In (Pre-Drywall Critical Window)","https://www.fhinspectionsatl.com/dossiers/NC-7848293.html","https://www.redfin.com/GA/Atlanta/1872-Hickory-Rd-30341/home/23723832","2026-10-02T17:12:44.927Z"
"NC-7841779","2499 Warren Rd NW, Atlanta, GA 30318","Atlanta","City of Atlanta (Fulton/DeKalb)",1280000,3105,2017,"Active","Active Framing & Rough-In (Pre-Drywall Critical Window)","https://www.fhinspectionsatl.com/dossiers/NC-7841779.html","https://www.redfin.com/GA/Atlanta/2499-Warren-Rd-NW-30318/home/24804121","2026-10-02T17:12:44.927Z"
"NC-7834331","1165 Penny Ln, Atlanta, GA 30324","Atlanta","City of Atlanta (Fulton/DeKalb)",549900,1678,2026,"Coming Soon","Active Framing & Rough-In (Pre-Drywall Critical Window)","https://www.fhinspectionsatl.com/dossiers/NC-7834331.html","https://www.redfin.com/GA/Atlanta/1165-Penny-Ln-30324/home/199600633","2026-10-02T17:12:44.927Z"
"NC-7848231","3762 Wasson Way, Brookhaven, GA 30319","Brookhaven","City of Atlanta (Fulton/DeKalb)",1600000,5418,2026,"Active","Active Framing & Rough-In (Pre-Drywall Critical Window)","https://www.fhinspectionsatl.com/dossiers/NC-7848231.html","https://www.redfin.com/GA/Brookhaven/3762-Wasson-Way-NE-30319/home/112024310","2026-10-02T17:12:44.927Z"
"NC-7848235","3775 Wasson Way, Brookhaven, GA 30319","Brookhaven","City of Atlanta (Fulton/DeKalb)",1550000,5424,2026,"Active","Active Framing & Rough-In (Pre-Drywall Critical Window)","https://www.fhinspectionsatl.com/dossiers/NC-7848235.html","https://www.redfin.com/GA/Brookhaven/3775-Wasson-Way-NE-30319/home/112024392","2026-10-02T17:12:44.927Z"
"NC-10857618","3504 Dacite Ct Lot 99, Atlanta, GA 30349","Atlanta","City of Atlanta (Fulton/DeKalb)",405900,2187,2026,"New","Active Framing & Rough-In (Pre-Drywall Critical Window)","https://www.fhinspectionsatl.com/dossiers/NC-10857618.html","https://www.redfin.com/GA/Atlanta/3504-Dacite-Ct-30349/unit-99/home/206037777","2026-10-02T17:12:44.927Z"
"NC-7847629","1490 Brooklyn Ave NW, Atlanta, GA 30309","Atlanta","City of Atlanta (Fulton/DeKalb)",1690000,3314,2026,"Coming Soon","Active Framing & Rough-In (Pre-Drywall Critical Window)","https://www.fhinspectionsatl.com/dossiers/NC-7847629.html","https://www.redfin.com/GA/Atlanta/1490-Brooklyn-Ave-NW-30309/home/24593431","2026-10-02T17:12:44.927Z"
"NC-7847939","1123 Hodgepodge Way Lot 12, Atlanta, GA 30316","Atlanta","City of Atlanta (Fulton/DeKalb)",401137,1382,2026,"Active","Active Framing & Rough-In (Pre-Drywall Critical Window)","https://www.fhinspectionsatl.com/dossiers/NC-7847939.html","https://www.redfin.com/GA/Atlanta/1123-Hodgepodge-Way-30316/unit-12/home/202155083","2026-10-02T17:12:44.927Z"
"NC-7847896","1107 Hodgepodge Way Lot 4, Atlanta, GA 30316","Atlanta","City of Atlanta (Fulton/DeKalb)",364900,1382,2026,"Active","Active Framing & Rough-In (Pre-Drywall Critical Window)","https://www.fhinspectionsatl.com/dossiers/NC-7847896.html","https://www.redfin.com/GA/Atlanta/1107-Hodgepodge-Way-30316/unit-4/home/201056491","2026-10-02T17:12:44.927Z"
"NC-7847918","1337 Lakota Pl, Atlanta, GA 30315","Atlanta","City of Atlanta (Fulton/DeKalb)",475990,0,2026,"Active","Active Framing & Rough-In (Pre-Drywall Critical Window)","https://www.fhinspectionsatl.com/dossiers/NC-7847918.html","https://www.redfin.com/GA/Atlanta/1337-Lakota-PL-30315/home/202278394","2026-10-02T17:12:44.927Z"
"NC-7847886","1335 Lakota Pl, Atlanta, GA 30315","Atlanta","City of Atlanta (Fulton/DeKalb)",471990,0,2026,"Active","Active Framing & Rough-In (Pre-Drywall Critical Window)","https://www.fhinspectionsatl.com/dossiers/NC-7847886.html","https://www.redfin.com/GA/Atlanta/1335-Lakota-PL-30315/home/202335369","2026-10-02T17:12:44.927Z"
"NC-7847926","1117 Hodgepodge Way Lot 9, Atlanta, GA 30316","Atlanta","City of Atlanta (Fulton/DeKalb)",395250,1382,2026,"Active","Active Framing & Rough-In (Pre-Drywall Critical Window)","https://www.fhinspectionsatl.com/dossiers/NC-7847926.html","https://www.redfin.com/GA/Atlanta/1117-Hodgepodge-Way-30316/unit-9/home/202140318","2026-10-02T17:12:44.927Z"
"NC-10857232","1355 Breezy St SE #110, Atlanta, GA 30315","Atlanta","City of Atlanta (Fulton/DeKalb)",425968,0,2026,"New","Active Framing & Rough-In (Pre-Drywall Critical Window)","https://www.fhinspectionsatl.com/dossiers/NC-10857232.html","https://www.redfin.com/GA/Atlanta/1355-Breezy-St-SE-30315/unit-110/home/206030287","2026-10-02T17:12:44.927Z"
"NC-7847869","4680 Orkney Lane Southwest, Atlanta, GA 30331","Atlanta","City of Atlanta (Fulton/DeKalb)",1400000,4924,2026,"Active","Active Framing & Rough-In (Pre-Drywall Critical Window)","https://www.fhinspectionsatl.com/dossiers/NC-7847869.html","https://www.redfin.com/GA/Atlanta/4680-Orkney-Ln-SW-30331/home/169583194","2026-10-02T17:12:44.927Z"
"NC-7847860","1329 Lakota Pl, Atlanta, GA 30315","Atlanta","City of Atlanta (Fulton/DeKalb)",486990,0,2024,"Active","Active Framing & Rough-In (Pre-Drywall Critical Window)","https://www.fhinspectionsatl.com/dossiers/NC-7847860.html","https://www.redfin.com/GA/Atlanta/1329-Lakota-PL-30315/home/202335510","2026-10-02T17:12:44.927Z"
"NC-7847873","1355 Breezy St SE, Atlanta, GA 30315","Atlanta","City of Atlanta (Fulton/DeKalb)",425968,1429,2026,"Active","Active Framing & Rough-In (Pre-Drywall Critical Window)","https://www.fhinspectionsatl.com/dossiers/NC-7847873.html","https://www.redfin.com/GA/Atlanta/1355-Breezy-St-SE-30315/home/206028994","2026-10-02T17:12:44.927Z"
"NC-7847816","1323 Lakota Pl, Atlanta, GA 30315","Atlanta","City of Atlanta (Fulton/DeKalb)",469990,0,2026,"Active","Active Framing & Rough-In (Pre-Drywall Critical Window)","https://www.fhinspectionsatl.com/dossiers/NC-7847816.html","https://www.redfin.com/GA/Atlanta/1323-Lakota-PL-30315/home/201546883","2026-10-02T17:12:44.927Z"
"NC-7847786","1631 Burton St SE, Atlanta, GA 30315","Atlanta","City of Atlanta (Fulton/DeKalb)",274900,948,2025,"Active","Active Framing & Rough-In (Pre-Drywall Critical Window)","https://www.fhinspectionsatl.com/dossiers/NC-7847786.html","https://www.redfin.com/GA/Atlanta/1631-Burton-St-SE-30315/home/197019585","2026-10-02T17:12:44.927Z"
"NC-7847635","318 Sandy Springs Cir #270, Atlanta, GA 30328","Atlanta","City of Atlanta (Fulton/DeKalb)",1117500,1496,2026,"Active","Active Framing & Rough-In (Pre-Drywall Critical Window)","https://www.fhinspectionsatl.com/dossiers/NC-7847635.html","https://www.redfin.com/GA/Atlanta/318-Sandy-Springs-Cir-30328/unit-270/home/188107156","2026-10-02T17:12:44.927Z"
"NC-7847791","3125 Hallsley Dr, Atlanta, GA 30349","Atlanta","City of Atlanta (Fulton/DeKalb)",524340,3389,2026,"Active","Active Framing & Rough-In (Pre-Drywall Critical Window)","https://www.fhinspectionsatl.com/dossiers/NC-7847791.html","https://www.redfin.com/GA/Atlanta/3125-Hallsley-Dr-30349/home/206027358","2026-10-02T17:12:44.927Z"
"NC-7847792","3117 Hallsley Dr, Atlanta, GA 30349","Atlanta","City of Atlanta (Fulton/DeKalb)",515980,3611,2026,"Active","Active Framing & Rough-In (Pre-Drywall Critical Window)","https://www.fhinspectionsatl.com/dossiers/NC-7847792.html","https://www.redfin.com/GA/Atlanta/3117-Hallsley-Dr-30349/home/206027357","2026-10-02T17:12:44.927Z"
"NC-7847623","3778 Wynn Walk, Atlanta, GA 30341","Atlanta","City of Atlanta (Fulton/DeKalb)",1665000,4992,2026,"Active","Active Framing & Rough-In (Pre-Drywall Critical Window)","https://www.fhinspectionsatl.com/dossiers/NC-7847623.html","https://www.redfin.com/GA/Atlanta/3778-Wynn-Walk-30341/home/177695835","2026-10-02T17:12:44.927Z"
"NC-7848087","1669 Stanton Rd SW, Atlanta, GA 30311","Atlanta","City of Atlanta (Fulton/DeKalb)",269900,0,2026,"Active","Active Framing & Rough-In (Pre-Drywall Critical Window)","https://www.fhinspectionsatl.com/dossiers/NC-7848087.html","https://www.redfin.com/GA/Atlanta/1669-Stanton-Rd-SW-30311/home/24605629","2026-10-02T17:12:44.927Z"
"NC-7847979","125 Lamar Ave NW, Atlanta, GA 30314","Atlanta","City of Atlanta (Fulton/DeKalb)",239900,0,2026,"Active","Active Framing & Rough-In (Pre-Drywall Critical Window)","https://www.fhinspectionsatl.com/dossiers/NC-7847979.html","https://www.redfin.com/GA/Atlanta/125-Lamar-Ave-NW-30314/home/188593744","2026-10-02T17:12:44.927Z"
"NC-2026012252","2077 N Shea Rd, Lexington, GA 47138","Lexington","DeKalb County",299900,1595,2026,"Active","Active Framing & Rough-In (Pre-Drywall Critical Window)","https://www.fhinspectionsatl.com/dossiers/NC-2026012252.html","https://www.redfin.com/IN/Lexington/2077-N-Shea-Rd-47138/home/206025859","2026-10-02T17:12:44.324Z"
"NC-22119992","815 Linden Dr, Austin, GA 47102","Austin","DeKalb County",179990,1401,2026,"Active","Pre-Drywall & 11-Month Warranty Window","https://www.fhinspectionsatl.com/dossiers/NC-22119992.html","https://www.redfin.com/IN/Austin/815-Linden-Dr-47102/home/200624790","2026-10-02T17:12:44.324Z"
"NC-110646","317 Patriots Lndg, Coatesville, GA 46121","Coatesville","Cherokee County (Woodstock/Canton)",405900,2151,2026,"Active","Active Framing & Rough-In (Pre-Drywall Critical Window)","https://www.fhinspectionsatl.com/dossiers/NC-110646.html","https://www.redfin.com/IN/Coatesville/317-Patriots-Lndg-46121/home/138349175","2026-10-02T17:12:44.418Z"
"NC-7845264","1332 Wayne Ave NE, Atlanta, GA 30306","Atlanta","City of Atlanta (Fulton/DeKalb)",2545000,5736,2026,"Active","Active Framing & Rough-In (Pre-Drywall Critical Window)","https://www.fhinspectionsatl.com/dossiers/NC-7845264.html","https://www.redfin.com/GA/Atlanta/1332-Wayne-Ave-NE-30306/home/24770512","2026-10-03T15:32:09.175Z"
"NC-7848817","1281 Felix Ct NW #9, Atlanta, GA 30318","Atlanta","City of Atlanta (Fulton/DeKalb)",399900,1025,2026,"Active","Active Framing & Rough-In (Pre-Drywall Critical Window)","https://www.fhinspectionsatl.com/dossiers/NC-7848817.html","https://www.redfin.com/GA/Atlanta/1281-Felix-Ct-30318/unit-9/home/206084638","2026-10-03T15:32:09.175Z"
"NC-7848249","2896 Cravenridge Dr NE, Brookhaven, GA 30319","Brookhaven","City of Atlanta (Fulton/DeKalb)",3395000,7887,2026,"Coming Soon","Active Framing & Rough-In (Pre-Drywall Critical Window)","https://www.fhinspectionsatl.com/dossiers/NC-7848249.html","https://www.redfin.com/GA/Brookhaven/2896-Cravenridge-Dr-NE-30319/home/23811581","2026-10-03T15:32:09.175Z"
"NC-7848570","1339 Lakota Pl, Atlanta, GA 30315","Atlanta","City of Atlanta (Fulton/DeKalb)",469990,0,2026,"Active","Active Framing & Rough-In (Pre-Drywall Critical Window)","https://www.fhinspectionsatl.com/dossiers/NC-7848570.html","https://www.redfin.com/GA/Atlanta/1339-Lakota-PL-30315/home/202278334","2026-10-03T15:32:09.175Z"
"NC-7848599","1341 Lakota Pl, Atlanta, GA 30315","Atlanta","City of Atlanta (Fulton/DeKalb)",491790,0,2026,"Active","Active Framing & Rough-In (Pre-Drywall Critical Window)","https://www.fhinspectionsatl.com/dossiers/NC-7848599.html","https://www.redfin.com/GA/Atlanta/1341-Lakota-PL-30315/home/202277961","2026-10-03T15:32:09.175Z"
"NC-10857998","1119 Hodgepodge Way Lot 10, Atlanta, GA 30316","Atlanta","City of Atlanta (Fulton/DeKalb)",374900,0,2026,"Price Change","Active Framing & Rough-In (Pre-Drywall Critical Window)","https://www.fhinspectionsatl.com/dossiers/NC-10857998.html","https://www.redfin.com/GA/Atlanta/1119-Hodgepodge-Way-30316/unit-10/home/202141705","2026-10-03T15:32:09.175Z"
"NC-7848548","360 Skylar Ct SE #114, Atlanta, GA 30315","Atlanta","City of Atlanta (Fulton/DeKalb)",549990,2650,2026,"Active","Active Framing & Rough-In (Pre-Drywall Critical Window)","https://www.fhinspectionsatl.com/dossiers/NC-7848548.html","https://www.redfin.com/GA/Atlanta/360-Skylar-Ct-SE-30315/unit-114/home/205528690","2026-10-03T15:32:09.175Z"
"NC-7848459","714 Bass Way, Sandy Springs, GA 30328","Sandy Springs","City of Atlanta (Fulton/DeKalb)",2595000,5004,2024,"Coming Soon","Active Framing & Rough-In (Pre-Drywall Critical Window)","https://www.fhinspectionsatl.com/dossiers/NC-7848459.html","https://www.redfin.com/GA/Sandy-Springs/714-Bass-Way-30328/home/162840512","2026-10-03T15:32:09.175Z"
"NC-7847951","1612 Orlando St SW, Atlanta, GA 30311","Atlanta","City of Atlanta (Fulton/DeKalb)",599999,3700,2024,"Active","Active Framing & Rough-In (Pre-Drywall Critical Window)","https://www.fhinspectionsatl.com/dossiers/NC-7847951.html","https://www.redfin.com/GA/Atlanta/1612-Orlando-St-SW-30311/home/24648022","2026-10-03T15:32:09.175Z"
"NC-10857939","1115 Hodgepodge Way Lot 8, Atlanta, GA 30316","Atlanta","City of Atlanta (Fulton/DeKalb)",372400,0,2026,"New","Active Framing & Rough-In (Pre-Drywall Critical Window)","https://www.fhinspectionsatl.com/dossiers/NC-10857939.html","https://www.redfin.com/GA/Atlanta/1115-Hodgepodge-Way-30316/unit-8/home/202139690","2026-10-03T15:32:09.175Z"
"NC-7848711","1103 Hodgepodge Way Lot 2, Atlanta, GA 30316","Atlanta","City of Atlanta (Fulton/DeKalb)",369900,1382,2026,"Active","Active Framing & Rough-In (Pre-Drywall Critical Window)","https://www.fhinspectionsatl.com/dossiers/NC-7848711.html","https://www.redfin.com/GA/Atlanta/1103-Hodgepodge-Way-30316/unit-2/home/201092322","2026-10-03T15:32:09.175Z"
"NC-7848590","1774 Beechwood Blvd, Atlanta, GA 30311","Atlanta","City of Atlanta (Fulton/DeKalb)",120000,0,2026,"Active","Active Framing & Rough-In (Pre-Drywall Critical Window)","https://www.fhinspectionsatl.com/dossiers/NC-7848590.html","https://www.redfin.com/GA/Atlanta/1774-Beechwood-Blvd-SW-30311/home/191442077","2026-10-03T15:32:09.175Z"
"NC-7848643","239 Amy Overlook, South Fulton, GA 30349","South Fulton","City of Atlanta (Fulton/DeKalb)",92500,0,2026,"Active","Active Framing & Rough-In (Pre-Drywall Critical Window)","https://www.fhinspectionsatl.com/dossiers/NC-7848643.html","https://www.redfin.com/GA/South-Fulton/239-Amy-Over-Look-30349/home/24744412","2026-10-03T15:32:09.175Z"
"NC-7849041","1070 Dill Ave SW #105, Atlanta, GA 30310","Atlanta","City of Atlanta (Fulton/DeKalb)",170000,640,2025,"Active","Active Framing & Rough-In (Pre-Drywall Critical Window)","https://www.fhinspectionsatl.com/dossiers/NC-7849041.html","https://www.redfin.com/GA/Atlanta/1070-Dill-Ave-SW-30310/unit-105/home/206088753","2026-10-04T16:16:14.805Z"
"NC-7848933","919 Hughley Cir #11, Atlanta, GA 30316","Atlanta","City of Atlanta (Fulton/DeKalb)",636378,1371,2026,"Active","Active Framing & Rough-In (Pre-Drywall Critical Window)","https://www.fhinspectionsatl.com/dossiers/NC-7848933.html","https://www.redfin.com/GA/Atlanta/919-Hughley-Cir-SE-30316/unit-11/home/206087524","2026-10-04T16:16:14.805Z"
"NC-10866657","1363 Melange Trce SE Lot 190, Atlanta, GA 30316","Atlanta","City of Atlanta (Fulton/DeKalb)",372400,989,2026,"New","Active Framing & Rough-In (Pre-Drywall Critical Window)","https://www.fhinspectionsatl.com/dossiers/NC-10866657.html","https://www.redfin.com/GA/Atlanta/1363-Melange-Trce-30316/unit-190/home/203489470","2026-10-04T16:16:14.805Z"
"NC-7822185","39 Johnson Ferry Rd NE, Sandy Springs, GA 30328","Sandy Springs","City of Atlanta (Fulton/DeKalb)",4490000,7700,2026,"Active","Active Framing & Rough-In (Pre-Drywall Critical Window)","https://www.fhinspectionsatl.com/dossiers/NC-7822185.html","https://www.redfin.com/GA/Sandy-Springs/39-Johnson-Ferry-Rd-NE-30328/home/24821122","2026-10-04T16:16:14.805Z"
"NC-7849399","1353 W Wesley Rd NW, Atlanta, GA 30327","Atlanta","City of Atlanta (Fulton/DeKalb)",3995000,7697,2026,"Active","Active Framing & Rough-In (Pre-Drywall Critical Window)","https://www.fhinspectionsatl.com/dossiers/NC-7849399.html","https://www.redfin.com/GA/Atlanta/1353-W-Wesley-Rd-NW-30327/home/198973585","2026-10-05T20:22:14.118Z"
"NC-7849388","1347 W Wesley Rd NW, Atlanta, GA 30327","Atlanta","City of Atlanta (Fulton/DeKalb)",3995000,7228,2026,"Active","Active Framing & Rough-In (Pre-Drywall Critical Window)","https://www.fhinspectionsatl.com/dossiers/NC-7849388.html","https://www.redfin.com/GA/Atlanta/1347-W-Wesley-Rd-NW-30327/home/24727128","2026-10-05T20:22:14.118Z"
"NC-7849470","4845 Jett Rd, Sandy Springs, GA 30327","Sandy Springs","City of Atlanta (Fulton/DeKalb)",7995000,0,2026,"Active","Active Framing & Rough-In (Pre-Drywall Critical Window)","https://www.fhinspectionsatl.com/dossiers/NC-7849470.html","https://www.redfin.com/GA/Sandy-Springs/4845-Jett-Rd-30327/home/24634525","2026-10-05T20:22:14.118Z"
"NC-7848470","4501 Wieuca Rd NE, Atlanta, GA 30342","Atlanta","City of Atlanta (Fulton/DeKalb)",2299000,6100,2026,"Active","Active Framing & Rough-In (Pre-Drywall Critical Window)","https://www.fhinspectionsatl.com/dossiers/NC-7848470.html","https://www.redfin.com/GA/Atlanta/4501-Wieuca-Rd-NE-30342/home/24594159","2026-10-05T20:22:14.118Z"
"NC-7849407","306 Laurel Ln, Hapeville, GA 30354","Hapeville","City of Atlanta (Fulton/DeKalb)",420490,1798,2026,"Active","Active Framing & Rough-In (Pre-Drywall Critical Window)","https://www.fhinspectionsatl.com/dossiers/NC-7849407.html","https://www.redfin.com/GA/Hapeville/306-Laurel-LN-30354/home/205330499","2026-10-05T20:22:14.118Z"
"NC-7849433","316 Laurel Ln, Hapeville, GA 30354","Hapeville","City of Atlanta (Fulton/DeKalb)",418990,1798,2026,"Active","Active Framing & Rough-In (Pre-Drywall Critical Window)","https://www.fhinspectionsatl.com/dossiers/NC-7849433.html","https://www.redfin.com/GA/Hapeville/316-Laurel-LN-30354/home/202106752","2026-10-05T20:22:14.118Z"
"NC-7849390","977 Fleetwood Cir, Atlanta, GA 30311","Atlanta","City of Atlanta (Fulton/DeKalb)",695000,2537,2024,"Coming Soon","Active Framing & Rough-In (Pre-Drywall Critical Window)","https://www.fhinspectionsatl.com/dossiers/NC-7849390.html","https://www.redfin.com/GA/Atlanta/977-Fleetwood-Cir-SW-30311/home/24761484","2026-10-05T20:22:14.118Z"
"NC-7849363","302 Laurel Ln, Hapeville, GA 30354","Hapeville","City of Atlanta (Fulton/DeKalb)",420490,1798,2026,"Active","Active Framing & Rough-In (Pre-Drywall Critical Window)","https://www.fhinspectionsatl.com/dossiers/NC-7849363.html","https://www.redfin.com/GA/Hapeville/302-Laurel-LN-30354/home/205330501","2026-10-05T20:22:14.118Z"
"NC-7847553","190 Adair Ave SE, Atlanta, GA 30315","Atlanta","City of Atlanta (Fulton/DeKalb)",515000,3405,2021,"Active","Active Framing & Rough-In (Pre-Drywall Critical Window)","https://www.fhinspectionsatl.com/dossiers/NC-7847553.html","https://www.redfin.com/GA/Atlanta/190-Adair-Ave-SE-30315/home/24601885","2026-10-05T20:22:14.118Z"
"NC-7849265","4063 Rickenbacker Dr NE, Atlanta, GA 30342","Atlanta","City of Atlanta (Fulton/DeKalb)",3799999,12000,2024,"Active","Active Framing & Rough-In (Pre-Drywall Critical Window)","https://www.fhinspectionsatl.com/dossiers/NC-7849265.html","https://www.redfin.com/GA/Atlanta/4063-Rickenbacker-Dr-NE-30342/home/24701154","2026-10-05T20:22:14.118Z"
"NC-7844882","1763 Beckham Pl NE, Atlanta, GA 30324","Atlanta","City of Atlanta (Fulton/DeKalb)",770000,1700,2024,"Active","Active Framing & Rough-In (Pre-Drywall Critical Window)","https://www.fhinspectionsatl.com/dossiers/NC-7844882.html","https://www.redfin.com/GA/Atlanta/1763-Beckham-Pl-NE-30324/home/198965918","2026-10-05T20:22:14.118Z"
"NC-7849125","208 Mission Way, Atlanta, GA 30315","Atlanta","City of Atlanta (Fulton/DeKalb)",479000,2072,2024,"Active","Active Framing & Rough-In (Pre-Drywall Critical Window)","https://www.fhinspectionsatl.com/dossiers/NC-7849125.html","https://www.redfin.com/GA/Atlanta/208-Mission-Way-SE-30315/home/192064750","2026-10-05T20:22:14.118Z"
"NC-cmu7dkwz800tjs60dl691j3s1","810 2nd St SW, Oelwein, GA 50662","Oelwein","Paulding County (Dallas/Hiram)",275000,1340,2026,"Active","Active Framing & Rough-In (Pre-Drywall Critical Window)","https://www.fhinspectionsatl.com/dossiers/NC-cmu7dkwz800tjs60dl691j3s1.html","https://www.redfin.com/IA/Oelwein/810-2nd-St-SW-50662/home/206012590","2026-10-05T20:25:33.579Z"
"NC-20264652","4084 W Ave Ave, Oelwein, GA 50662","Oelwein","Paulding County (Dallas/Hiram)",350000,2028,2024,"Active","Active Framing & Rough-In (Pre-Drywall Critical Window)","https://www.fhinspectionsatl.com/dossiers/NC-20264652.html","https://www.redfin.com/IA/Oelwein/4084-W-Ave-50662/home/197804143","2026-10-05T20:25:33.579Z"
"NC-20263219","5916 Kornhill Rd, Fayette, GA 52142","Fayette","Paulding County (Dallas/Hiram)",495000,3000,2026,"Active","Pre-Drywall & 11-Month Warranty Window","https://www.fhinspectionsatl.com/dossiers/NC-20263219.html","https://www.redfin.com/IA/Fayette/5916-Kornhill-Rd-52142/home/202716796","2026-10-05T20:25:33.580Z"
"NC-10054208","341 Garwood Rd, Richmond, GA 47374","Richmond","Henry County (McDonough/Stockbridge)",395950,1731,2026,"Active","Pre-Drywall & 11-Month Warranty Window","https://www.fhinspectionsatl.com/dossiers/NC-10054208.html","https://www.redfin.com/IN/Richmond/341-Garwood-Rd-47374/home/199982037","2026-10-05T20:25:33.763Z"
"NC-10053725","351 Garwood Rd, Richmond, GA 47374","Richmond","Henry County (McDonough/Stockbridge)",429850,1838,2026,"Active","Pre-Drywall & 11-Month Warranty Window","https://www.fhinspectionsatl.com/dossiers/NC-10053725.html","https://www.redfin.com/IN/Richmond/351-Garwood-Rd-47374/home/199982022","2026-10-05T20:25:33.763Z"
"NC-10053824","349 Garwood Rd, Richmond, GA 47374","Richmond","Henry County (McDonough/Stockbridge)",395750,1731,2026,"Active","Pre-Drywall & 11-Month Warranty Window","https://www.fhinspectionsatl.com/dossiers/NC-10053824.html","https://www.redfin.com/IN/Richmond/349-Garwood-Rd-47374/home/199982053","2026-10-05T20:25:33.763Z"
"NC-10053911","700 Willow Dr, Centerville, GA 47330","Centerville","Henry County (McDonough/Stockbridge)",284000,1399,2026,"Active","Pre-Drywall & 11-Month Warranty Window","https://www.fhinspectionsatl.com/dossiers/NC-10053911.html","https://www.redfin.com/IN/Centerville/700-Willow-Dr-47330/home/82546632","2026-10-05T20:25:33.764Z"
"NC-10053828","345 Garwood Rd, Richmond, GA 47374","Richmond","Henry County (McDonough/Stockbridge)",424800,1731,2026,"Active","Pre-Drywall & 11-Month Warranty Window","https://www.fhinspectionsatl.com/dossiers/NC-10053828.html","https://www.redfin.com/IN/Richmond/345-Garwood-Rd-47374/home/199982040","2026-10-05T20:25:33.764Z"
"NC-10053826","347 Garwood Rd, Richmond, GA 47374","Richmond","Henry County (McDonough/Stockbridge)",424600,1838,2026,"Active","Pre-Drywall & 11-Month Warranty Window","https://www.fhinspectionsatl.com/dossiers/NC-10053826.html","https://www.redfin.com/IN/Richmond/347-Garwood-Rd-47374/home/199982097","2026-10-05T20:25:33.764Z"
"NC-10054006","31 Court Rd, Richmond, GA 47374","Richmond","Henry County (McDonough/Stockbridge)",69900,960,2024,"Active","Pre-Drywall & 11-Month Warranty Window","https://www.fhinspectionsatl.com/dossiers/NC-10054006.html","https://www.redfin.com/IN/Richmond/31-Court-Rd-47374/home/195018377","2026-10-05T20:25:33.764Z"
"NC-10052246","1100 Kingston Ct, Richmond, GA 47374","Richmond","Henry County (McDonough/Stockbridge)",599850,2324,2025,"Active","Pre-Drywall & 11-Month Warranty Window","https://www.fhinspectionsatl.com/dossiers/NC-10052246.html","https://www.redfin.com/IN/Richmond/1100-Kingston-Ct-47374/home/82551886","2026-10-05T20:25:33.764Z"
"NC-10024637","417 N 36th St, Richmond, GA 47374","Richmond","Henry County (McDonough/Stockbridge)",299900,1406,2025,"Active","Pre-Drywall & 11-Month Warranty Window","https://www.fhinspectionsatl.com/dossiers/NC-10024637.html","https://www.redfin.com/IN/Richmond/417-N-36th-St-47374/home/195461278","2026-10-05T20:25:33.764Z"
"NC-10049990","2795 Honey Suckle Ln, Richmond, GA 47374","Richmond","Henry County (McDonough/Stockbridge)",1205000,4100,2026,"Active","Pre-Drywall & 11-Month Warranty Window","https://www.fhinspectionsatl.com/dossiers/NC-10049990.html","https://www.redfin.com/IN/Richmond/2795-Honeysuckle-Ln-47374/home/82555959","2026-10-05T20:25:33.764Z"
"NC-82F665CB0548","Homes Available Soon Plan, Richmond, GA 47374","Richmond","Henry County (McDonough/Stockbridge)",0,0,2025,"Active","Pre-Drywall & 11-Month Warranty Window","https://www.fhinspectionsatl.com/dossiers/NC-82F665CB0548.html","https://www.redfin.com/IN/Richmond/Richmond/Homes-Available-Soon/home/199982039","2026-10-05T20:25:33.764Z"
"NC-7A814C74030A","Villas at Garwood #6 Plan, Richmond, GA 47374","Richmond","Henry County (McDonough/Stockbridge)",399000,1568,2025,"Active","Pre-Drywall & 11-Month Warranty Window","https://www.fhinspectionsatl.com/dossiers/NC-7A814C74030A.html","https://www.redfin.com/IN/Richmond/Richmond/Villas-at-Garwood-6/home/199982041","2026-10-05T20:25:33.764Z"
"NC-8DDB1F7F5C26","Villas at Garwood #1 Plan, Richmond, GA 47374","Richmond","Henry County (McDonough/Stockbridge)",412500,1848,2025,"Active","Pre-Drywall & 11-Month Warranty Window","https://www.fhinspectionsatl.com/dossiers/NC-8DDB1F7F5C26.html","https://www.redfin.com/IN/Richmond/Richmond/Villas-at-Garwood-1/home/199982093","2026-10-05T20:25:33.764Z"
"NC-135D161A6CAE","Homes Available Soon Plan, Hagerstown, GA 47346","Hagerstown","Henry County (McDonough/Stockbridge)",0,0,2025,"Active","Pre-Drywall & 11-Month Warranty Window","https://www.fhinspectionsatl.com/dossiers/NC-135D161A6CAE.html","https://www.redfin.com/IN/Hagerstown/Hagerstown/Homes-Available-Soon/home/199982102","2026-10-05T20:25:33.764Z"
"NC-387BF460D954","Villas at Garwood #4 Plan, Richmond, GA 47374","Richmond","Henry County (McDonough/Stockbridge)",412500,1726,2025,"Active","Pre-Drywall & 11-Month Warranty Window","https://www.fhinspectionsatl.com/dossiers/NC-387BF460D954.html","https://www.redfin.com/IN/Richmond/Richmond/Villas-at-Garwood-4/home/199982390","2026-10-05T20:25:33.765Z"
"NC-7CC3D31DF806","Villas at Garwood #2 Plan, Richmond, GA 47374","Richmond","Henry County (McDonough/Stockbridge)",412500,1728,2025,"Active","Pre-Drywall & 11-Month Warranty Window","https://www.fhinspectionsatl.com/dossiers/NC-7CC3D31DF806.html","https://www.redfin.com/IN/Richmond/Richmond/Villas-at-Garwood-2/home/199982023","2026-10-05T20:25:33.765Z"
"NC-AE9C166BD89D","Homes Available Soon Plan, Centerville, GA 47330","Centerville","Henry County (McDonough/Stockbridge)",0,0,2025,"Active","Pre-Drywall & 11-Month Warranty Window","https://www.fhinspectionsatl.com/dossiers/NC-AE9C166BD89D.html","https://www.redfin.com/IN/Centerville/Centerville/Homes-Available-Soon/home/199982114","2026-10-05T20:25:33.765Z"
"NC-B5FDF494614F","Villas at Garwood #3 Plan, Richmond, GA 47374","Richmond","Henry County (McDonough/Stockbridge)",399000,1843,2025,"Active","Pre-Drywall & 11-Month Warranty Window","https://www.fhinspectionsatl.com/dossiers/NC-B5FDF494614F.html","https://www.redfin.com/IN/Richmond/Richmond/Villas-at-Garwood-3/home/199982099","2026-10-05T20:25:33.765Z"
"NC-1A256C62BF2A","Homes Available Soon Plan, Cambridge City, GA 47327","Cambridge City","Henry County (McDonough/Stockbridge)",0,0,2025,"Active","Pre-Drywall & 11-Month Warranty Window","https://www.fhinspectionsatl.com/dossiers/NC-1A256C62BF2A.html","https://www.redfin.com/IN/Cambridge-City/Cambridge-City/Homes-Available-Soon/home/199982115","2026-10-05T20:25:33.765Z"
"NC-22123766","1521 N Washington St, St Leon, GA 46173","St Leon","Coweta County (Newnan/Senoia)",360000,1650,2026,"Active","Pre-Drywall & 11-Month Warranty Window","https://www.fhinspectionsatl.com/dossiers/NC-22123766.html","https://www.redfin.com/IN/St-Leon/1521-N-Washington-ST-47012/home/205327737","2026-10-05T20:25:33.506Z"
"NC-14769","114 Pillsbury St, Milroy, GA 46156","Milroy","Coweta County (Newnan/Senoia)",259900,2304,2024,"Active","Pre-Drywall & 11-Month Warranty Window","https://www.fhinspectionsatl.com/dossiers/NC-14769.html","https://www.redfin.com/IN/Milroy/114-N-Pillsbury-St-46156/home/82540086","2026-10-05T20:25:33.506Z"
"NC-22099575","1407 N Washington St, Rushville, GA 46173","Rushville","Coweta County (Newnan/Senoia)",410000,2304,2026,"Active","Pre-Drywall & 11-Month Warranty Window","https://www.fhinspectionsatl.com/dossiers/NC-22099575.html","https://www.redfin.com/IN/Rushville/1407-N-Washington-St-46173/home/201689784","2026-10-05T20:25:33.506Z"
"NC-22099629","1509 N Washington St, Rushville, GA 46173","Rushville","Coweta County (Newnan/Senoia)",285000,1397,2026,"Active","Pre-Drywall & 11-Month Warranty Window","https://www.fhinspectionsatl.com/dossiers/NC-22099629.html","https://www.redfin.com/IN/Rushville/1509-N-Washington-St-46173/home/201691261","2026-10-05T20:25:33.506Z"
"NC-208198","12133 Willow Rd, Vevay, GA 47043","Vevay","Fayette County (Peachtree City/Fayetteville)",259900,1292,2026,"Active","Pre-Drywall & 11-Month Warranty Window","https://www.fhinspectionsatl.com/dossiers/NC-208198.html","https://www.redfin.com/IN/Vevay/12133-Willow-RD-47043/home/205232940","2026-10-05T20:25:33.548Z"
"NC-202608358","Lot 29 Packet Blvd, Vevay, GA 47043","Vevay","Fayette County (Peachtree City/Fayetteville)",359900,1650,2026,"Active","Pre-Drywall & 11-Month Warranty Window","https://www.fhinspectionsatl.com/dossiers/NC-202608358.html","https://www.redfin.com/IN/Vevay/29-Packet-Blvd-47043/home/201851974","2026-10-05T20:25:33.548Z"
"NC-22129882","12121 Cole Ln, Covington, GA 47932","Covington","Hall County (Gainesville/Flowery Branch)",394900,2269,2026,"Active","Active Framing & Rough-In (Pre-Drywall Critical Window)","https://www.fhinspectionsatl.com/dossiers/NC-22129882.html","https://www.redfin.com/IN/Covington/12121-Cole-Ln-47932/home/206115859","2026-10-05T20:25:33.435Z"
"NC-202616714","10264 E 975 N, Otterbein, GA 47970","Otterbein","Hall County (Gainesville/Flowery Branch)",630000,2340,2026,"Active","Pre-Drywall & 11-Month Warranty Window","https://www.fhinspectionsatl.com/dossiers/NC-202616714.html","https://www.redfin.com/IN/Otterbein/10264-E-975-N-47970/home/201707247","2026-10-05T20:25:33.435Z"
"NC-7848895","1111 Oak Knoll Ter SE, Atlanta, GA 30315","Atlanta","City of Atlanta (Fulton/DeKalb)",269000,1802,2025,"Active","Active Framing & Rough-In (Pre-Drywall Critical Window)","https://www.fhinspectionsatl.com/dossiers/NC-7848895.html","https://www.redfin.com/GA/Atlanta/1111-Oak-Knoll-Ter-SE-30315/home/24860829","2026-10-06T17:43:04.194Z"
"NC-7849988","1373 Greenland Dr NE, Atlanta, GA 30306","Atlanta","City of Atlanta (Fulton/DeKalb)",3795000,5003,2027,"Active","Active Framing & Rough-In (Pre-Drywall Critical Window)","https://www.fhinspectionsatl.com/dossiers/NC-7849988.html","https://www.redfin.com/GA/Atlanta/1373-Greenland-Dr-NE-30306/home/24657980","2026-10-06T17:43:04.194Z"
"NC-7847594","1400 Bouldercrest Rd SE, Atlanta, GA 30316","Atlanta","City of Atlanta (Fulton/DeKalb)",595000,2832,2023,"Active","Active Framing & Rough-In (Pre-Drywall Critical Window)","https://www.fhinspectionsatl.com/dossiers/NC-7847594.html","https://www.redfin.com/GA/Atlanta/1400-Bouldercrest-Rd-SE-30316/home/23797660","2026-10-06T17:43:04.194Z"
"NC-7849839","4550 Jolyn Pl, Sandy Springs, GA 30342","Sandy Springs","City of Atlanta (Fulton/DeKalb)",2549000,6365,2023,"Active","Active Framing & Rough-In (Pre-Drywall Critical Window)","https://www.fhinspectionsatl.com/dossiers/NC-7849839.html","https://www.redfin.com/GA/Sandy-Springs/4550-Jolyn-Pl-30342/home/24795591","2026-10-06T17:43:04.194Z"
"NC-7849422","310 Laurel Ln, Hapeville, GA 30354","Hapeville","City of Atlanta (Fulton/DeKalb)",435490,1798,2026,"Active","Active Framing & Rough-In (Pre-Drywall Critical Window)","https://www.fhinspectionsatl.com/dossiers/NC-7849422.html","https://www.redfin.com/GA/Hapeville/310-Laurel-LN-30354/home/205330500","2026-10-06T17:43:04.194Z"
"NC-208473","718 Golf View Dr, Milan, GA 47031","Milan","Cobb County",319900,1471,2024,"Active","Active Framing & Rough-In (Pre-Drywall Critical Window)","https://www.fhinspectionsatl.com/dossiers/NC-208473.html","https://www.redfin.com/IN/Milan/718-Golf-View-Dr-47031/home/107961156","2026-10-06T17:43:04.048Z"
"NC-7850483","6384 Rosetta Dr SW #32, Atlanta, GA 30331","Atlanta","City of Atlanta (Fulton/DeKalb)",325990,1695,2026,"Active","Active Framing & Rough-In (Pre-Drywall Critical Window)","https://www.fhinspectionsatl.com/dossiers/NC-7850483.html","https://www.redfin.com/GA/Atlanta/6384-Rosetta-Dr-30331/unit-32/home/206141650","2026-10-07T18:15:00.509Z"
"NC-7850458","702 Foundry St NW, Atlanta, GA 30314","Atlanta","City of Atlanta (Fulton/DeKalb)",749900,2341,2024,"Active","Active Framing & Rough-In (Pre-Drywall Critical Window)","https://www.fhinspectionsatl.com/dossiers/NC-7850458.html","https://www.redfin.com/GA/Atlanta/702-Foundry-St-NW-30314/home/24859698","2026-10-07T18:15:00.509Z"
"NC-7848680","341 Fortune St NE, Atlanta, GA 30312","Atlanta","City of Atlanta (Fulton/DeKalb)",1799999,2700,2026,"Active","Active Framing & Rough-In (Pre-Drywall Critical Window)","https://www.fhinspectionsatl.com/dossiers/NC-7848680.html","https://www.redfin.com/GA/Atlanta/341-Fortune-St-NE-30312/home/188646582","2026-10-07T18:15:00.509Z"
"NC-7845355","2425 Peachtree Rd #501, Atlanta, GA 30305","Atlanta","City of Atlanta (Fulton/DeKalb)",2100000,2249,2024,"Active","Active Framing & Rough-In (Pre-Drywall Critical Window)","https://www.fhinspectionsatl.com/dossiers/NC-7845355.html","https://www.redfin.com/GA/Atlanta/2425-Peachtree-Rd-NE-30305/unit-501/home/182164280","2026-10-07T18:15:00.509Z"
"NC-7850146","206 Mission Way, Atlanta, GA 30315","Atlanta","City of Atlanta (Fulton/DeKalb)",374900,1408,2024,"Active","Active Framing & Rough-In (Pre-Drywall Critical Window)","https://www.fhinspectionsatl.com/dossiers/NC-7850146.html","https://www.redfin.com/GA/Atlanta/206-Mission-Way-SE-30315/home/192064754","2026-10-07T18:15:00.510Z"
"NC-9353D964D801","1752 S Port Dr, Antioch, GA 60002","Antioch","City of Alpharetta (North Fulton)",494990,2218,2026,"Active","Active Framing & Rough-In (Pre-Drywall Critical Window)","https://www.fhinspectionsatl.com/dossiers/NC-9353D964D801.html","https://www.redfin.com/IL/Antioch/1752-N-South-Newport-Dr-60002/home/201369762","2026-10-07T18:15:00.272Z"
"NC-B9E29E1C1A0F","1908 S Shore Cv, Antioch, GA 60002","Antioch","City of Alpharetta (North Fulton)",492600,2203,2026,"Active","Active Framing & Rough-In (Pre-Drywall Critical Window)","https://www.fhinspectionsatl.com/dossiers/NC-B9E29E1C1A0F.html","https://www.redfin.com/IL/Antioch/1908-S-Shore-Cv-60002/home/201369805","2026-10-07T18:15:00.272Z"
"NC-2C4E21B0CCC8","1904 S Shore Cv, Antioch, GA 60002","Antioch","City of Alpharetta (North Fulton)",474990,2063,2026,"Active","Active Framing & Rough-In (Pre-Drywall Critical Window)","https://www.fhinspectionsatl.com/dossiers/NC-2C4E21B0CCC8.html","https://www.redfin.com/IL/Antioch/1904-S-Shore-Cv-60002/home/201369806","2026-10-07T18:15:00.272Z"